{
    "model": "gradient_boosting",
    "f1_score": 0.5739910313901345,
    "roc_auc": 0.840243870934408,
    "classification_report": {
        "0": {
            "precision": 0.8366247755834829,
            "recall": 0.9004830917874396,
            "f1-score": 0.8673801768264309,
            "support": 1035.0
        },
        "1": {
            "precision": 0.6508474576271186,
            "recall": 0.5133689839572193,
            "f1-score": 0.5739910313901345,
            "support": 374.0
        },
        "accuracy": 0.7977288857345636,
        "macro avg": {
            "precision": 0.7437361166053007,
            "recall": 0.7069260378723294,
            "f1-score": 0.7206856041082828,
            "support": 1409.0
        },
        "weighted avg": {
            "precision": 0.7873126982834969,
            "recall": 0.7977288857345636,
            "f1-score": 0.7895039948582444,
            "support": 1409.0
        }
    }
}