{
    "model": "logistic_regression",
    "f1_score": 0.6028985507246377,
    "roc_auc": 0.8418998165801235,
    "classification_report": {
        "No": {
            "precision": 0.848124428179323,
            "recall": 0.8956521739130435,
            "f1-score": 0.8712406015037594,
            "support": 1035.0
        },
        "Yes": {
            "precision": 0.6582278481012658,
            "recall": 0.5561497326203209,
            "f1-score": 0.6028985507246377,
            "support": 374.0
        },
        "accuracy": 0.8055358410220014,
        "macro avg": {
            "precision": 0.7531761381402944,
            "recall": 0.7259009532666822,
            "f1-score": 0.7370695761141985,
            "support": 1409.0
        },
        "weighted avg": {
            "precision": 0.797718948442493,
            "recall": 0.8055358410220014,
            "f1-score": 0.8000128321699116,
            "support": 1409.0
        }
    }
}