{
    "model": "logistic_selected_features",
    "f1_score": 0.5930232558139535,
    "roc_auc": NaN,
    "classification_report": {
        "0": {
            "precision": 0.8447488584474886,
            "recall": 0.893719806763285,
            "f1-score": 0.8685446009389671,
            "support": 1035.0
        },
        "1": {
            "precision": 0.6496815286624203,
            "recall": 0.5454545454545454,
            "f1-score": 0.5930232558139535,
            "support": 374.0
        },
        "accuracy": 0.801277501774308,
        "macro avg": {
            "precision": 0.7472151935549545,
            "recall": 0.7195871761089152,
            "f1-score": 0.7307839283764603,
            "support": 1409.0
        },
        "weighted avg": {
            "precision": 0.7929708731106428,
            "recall": 0.801277501774308,
            "f1-score": 0.7954111849866923,
            "support": 1409.0
        }
    }
}