{
    "model": "random_forest",
    "f1_score": 0.556390977443609,
    "roc_auc": 0.8254320700612261,
    "classification_report": {
        "No": {
            "precision": 0.830948121645796,
            "recall": 0.8975845410628019,
            "f1-score": 0.8629818857408268,
            "support": 1035.0
        },
        "Yes": {
            "precision": 0.6357388316151202,
            "recall": 0.4946524064171123,
            "f1-score": 0.556390977443609,
            "support": 374.0
        },
        "accuracy": 0.7906316536550745,
        "macro avg": {
            "precision": 0.7333434766304581,
            "recall": 0.696118473739957,
            "f1-score": 0.7096864315922179,
            "support": 1409.0
        },
        "weighted avg": {
            "precision": 0.7791324548810886,
            "recall": 0.7906316536550745,
            "f1-score": 0.7816014743120409,
            "support": 1409.0
        }
    }
}