{
    "model": "random_forest",
    "f1_score": 0.5555555555555556,
    "roc_auc": NaN,
    "classification_report": {
        "0": {
            "precision": 0.8307967770814683,
            "recall": 0.8966183574879227,
            "f1-score": 0.862453531598513,
            "support": 1035.0
        },
        "1": {
            "precision": 0.6335616438356164,
            "recall": 0.4946524064171123,
            "f1-score": 0.5555555555555556,
            "support": 374.0
        },
        "accuracy": 0.7899219304471257,
        "macro avg": {
            "precision": 0.7321792104585423,
            "recall": 0.6956353819525175,
            "f1-score": 0.7090045435770342,
            "support": 1409.0
        },
        "weighted avg": {
            "precision": 0.7784433776251527,
            "recall": 0.7899219304471257,
            "f1-score": 0.7809916131882461,
            "support": 1409.0
        }
    }
}